what you re allergic to cocaine that sucks concerned friend,0,-6,63,-0.6,5 12
 my mom told me to pull an all nighter ,0,0,39,0,5 12
overheard 4 hours into stat 430 studying ohhhhhh it s math ,46,0,63,0,5 10
psa to all alexander lees shared with permission at hopes of this getting fixed,4,3,81,0.21428571428571427,5 12
from a stressed wharton mba i didn t come to fucking business school to work,30,-6,78,-0.4,5 7
contemplating senior there s too much beer in this apartment ,10,0,63,0,5 12
 is this bachata or is this sex confused girl at bachata on the patio at city tap,25,-2,84,-0.11764705882352941,5 10
hallway in hill that s math 240 for ya too high of a number for me rip all the sad math 240 kids,11,-2,104,-0.08695652173913043,5 10
my life is defective not to worry there s always jordan canonical form ,36,-6,73,-0.46153846153846156,5 10
overheard at ochatto is that hulk or shrek ,1,0,45,0,5 11
 dude fuck the bros when push comes to shove you re gonna take the hoe every day before the bro in response to someone saying bros before hoes,0,-4,148,-0.14285714285714285,5 12
15th hour in a gsr that looks like a flooded grad student s office in the basement of drl i m realizing i should have really used reading days for reading ,0,2,158,0.06451612903225806,5 11
overheard near huntsman person 1 i just got penetrated by my exam person 2 ayyyyeeeee ,0,0,94,0,5 11
 i m jewish i should know this upperclassmen learning the workings of hillel dining,1,0,87,0,5 11
overheard on locust one day the revolution will come the oceans will rise and wharton will drown,44,-1,99,-0.058823529411764705,5 9
no one absolutely fucking no one hill fire alarm at the most inconvenient time can i have your attention please an emergency has been reported in the building ,45,-13,165,-0.4642857142857143,5 9
 dammit i fell asleep again junior who slept through hey day,138,0,64,0,5 2
 i m addicted to linkedin now i won t rest until i hit 500 ,44,3,61,0.21428571428571427,"6 21,"
 if people want chlamydia let them have it ,1,1,43,0.125,5 10
,124,0,0,0,4 30
whartonite is there an easier way to answer that question like without all the with disgust math and stuff ta uhhhhhh no courtesy of a stat review session,43,0,166,0,5 6
anxious baby quaker wait every time i say i m in wharton people make this face is it like bad or something ,57,-3,118,-0.13636363636363635,4 16
if i could rate her contributions in relation to milk it would be skim or reduced fat ,0,0,87,0,5 10
overheard starbs honestly i d give up sex for the rest of college for a return offer this summer ,37,0,99,0,5 5
 you really came into this building expecting anything other than disappointment kid reacting to drl water fountain not working,20,-2,130,-0.10526315789473684,5 7
 sees three guys holding hands and not wearing socks why is the redacted lounge such a brothel ,13,0,98,0,5 7
 math 114 review deturck i am both wired and buzzed right now in some sense you can say i pregamed this session so i cant guarantee my arithmetic is accurate ,40,-1,162,-0.03333333333333333,5 9
outside vp i want to live in kcech forever l don t have to walk on locust 24 7 and see people ,28,1,98,0.045454545454545456,5 8
person 1 why are people watching basketball it s may person 2 isn t it the time for major league basketball or whatever it is ,5,0,133,0,5 5
 how does netflix make money outside copa during happy hour,3,3,61,0.3,5 10
in wawa at midnight finals is when you miss smoking bruh finals is when you start smoking ,9,-2,94,-0.11764705882352941,5 1
happy finals week ,30,3,18,1,5 6
 dude i don t think i ve learned anything in this class and even the things that i did learn i think they re fake student on courses including but not limited to cis 262 ,78,-2,176,-0.05714285714285714,5 8
there are two types of people those that lift and those that pull pull up to the party pull handle pull trig pull an all nighter pull out pull one over the ta s head so who are you this finals szn see more,0,0,225,0,5 9
overheard at hill lunch are you drunk no but in a much more real sense yes ,15,-2,81,-0.125,5 4
 also i need to buy a phone charger i ve been sleeping with guys just to charge my phone overheard phone conversation on locust,60,0,132,0,5 6
math 240 tutor overheard explaining spring mass systems so the force acting upwards is equal to the displacement times the spring constant this is called the hookers law ,10,0,175,0,5 9
 are reading days drinking days ,62,0,33,0,4 30
on an emo late night phone call is that all it is forgiveness is about taking an l ,4,0,88,0,5 8
 my pinterest isn t working i m like upset about it ,5,0,55,0,5 8
 ugly psets are a sexually transmitted disease that s why you have to wear a latex obvious virgin,4,-4,103,-0.2222222222222222,5 8
overheard in rodin college house there s too much darkness in life turn on the light ,14,-1,89,-0.0625,5 7
 getting a crepe at houston cashier anything else with that me do you have decaf cashier this is a college i d have cocaine before i d have decaf see more,45,0,163,0,5 3
overseen in van pelt undergrad study center finals season,7,0,60,0,5 6
person 1 wow campus is so nice today person 2 yeah she thicccccccc,10,8,72,0.6153846153846154,5 6
 i was able to fit all of russia onto one sheet of paper a restaurant near campus,0,1,86,0.058823529411764705,5 8
student receiving final exam is today the 7th professor i don t care put whatever you want i m too tired to remember ,5,1,126,0.043478260869565216,5 7
girl 1 he always laughs at my dad jokes girl 2 no he s too old don t do it girl 1 i made him crack up during office hours ______________________________________ update i ve seen his face and i think he s 59 he s not 59 he s totally not 59 see more,3,2,266,0.03773584905660377,5 7
at hillel what there are cars in china i thought there were only bicycles ,4,0,78,0,5 7
 ubb so why is it that everyone in america hates new jersey ,119,-3,63,-0.25,5 1
person 1 i made brownies they re really rich that s how i like them person 2 that s what i say about my men ,4,4,113,0.16,5 7
 it s not alcoholism until you graduate ,18,0,40,0,5 6
person 1 tomorrow is the last of my two exams then i just have a bunch of papers person 2 god are you even a stem kid ,11,1,125,0.037037037037037035,5 7
 senior looking at two test piles after exam i ll be honest i have no idea which one of you is my ta ,1,1,103,0.043478260869565216,5 7
door vp grand reading room gnaaaaahaaaaahhhhr you think i m finished yet aaaaaaahhhrhhaahhhhg,0,3,100,0.23076923076923078,5 7
 talking about a stat course person 1 do you use r person 2 yeah person 1 oh nice is it hard person 2 the letter r person 1 what s your major person 2 philosophy see more,68,3,198,0.08108108108108109,5 6
 well i m wearing plaid but that s because i m gay not a hipster ,5,0,66,0,5 6
 thank you for being a franz ,0,2,29,0.3333333333333333,5 7
 i can bring alcohol home but i can t make alcohol appear seasoned senior speaking the truth on the perfect amount to bring to a byo,3,3,137,0.11538461538461539,5 6
 talking about game of thrones in vp instead of studying night kings team is literally the lakers lebron and a bunch of bozos who can t support the main man omg you had an ice dragon bro how you fumble the bag like that really blew a 4 0 lead that shit was stupid come on you didn t put your trebuchets in the castle ,2,-2,333,-0.03076923076923077,5 5
 you gotta take that d to get that a overheard after office hours,21,0,66,0,5 2
 you re so dumb i hope you die before you can reproduce ,17,-4,58,-0.3333333333333333,5 5
 i wish i could clone myself so that half of me could do work and the other half could shower and sleep and stuff ,4,1,114,0.041666666666666664,5 5
overheard from highly rated cis professor machine learning is a disease,21,-1,72,-0.09090909090909091,5 3
hey watch me shotgun this bubble tea ,49,0,38,0,5 3
 4 plus 4 plus 10 equals 2 stem student,35,0,41,0,5 3
 what do you think is the cutest fish what about dolphins ,12,0,64,0,5 5
person 1 have you seen infinity wars person 2 yeah but i haven t seen avengers is that the same thing person 3 ,18,-1,122,-0.043478260869565216,5 1
overheard at mayer flooding noises,53,0,35,0,4 22
 two people at frontera do you think we should abolish ice no why not what are you going to do when the power goes out and you want to keep something cold ,0,0,167,0,5 5
boi at a bar crawl dude it s the private equity firm we pitched to ,2,0,71,0,5 4
 there s enough nick in me i don t need the nicotine a guy named nick saying no to the juul,23,-1,95,-0.047619047619047616,5 4
it s hard out here,4,-1,18,-0.2,5 4
me on an ubereats delivery of chinese food to hill house you know there s a chinese place right down the block right girl in gucci pajama outfit no kidding ,1,-2,168,-0.06666666666666667,5 5
 they call me the mumpy mamacita ,12,0,33,0,5 3
overseen in a weigle gsr ,23,0,27,0,5 4
 i m a capricorn but i don t have any capricorn qualities yes you do you re pre med overheard at van pelt,13,3,113,0.13043478260869565,5 3
 i heard emergen c is good for replenishing your vitamins after you drink so i just mixed it into my vodka ,38,3,108,0.14285714285714285,5 2
nothing s hotter than a stacked linkedin,24,0,40,0,"5 5,"
 i appreciate proofs when i don t have to write them m t student,12,2,67,0.14285714285714285,5 4
 honestly at this point i d be fine being an et al forever ,16,2,61,0.15384615384615385,4 17
 i haven t pulled trig in 2 weeks an engineer trigonometry ,21,0,65,0,4 27
 depression is my kink ,5,0,23,0,5 4
 i wash my face only with cold water i hate waiting for it to turn warm isn t it 5 seconds yeah but the anticipation girl who woke up at 2pm yesterday,0,0,160,0,5 4
 i don t why i m so hype right now i guess solidworks just gets me going meam 101 kid working on his final project as if we needed more evidence penngineers are basically robots,38,0,181,0,5 1
girl a this is the girl i m rooming with in new york says friend s name girl b oh cool let me search her up girl a did you just open linkedin instead of facebook ,33,2,176,0.05555555555555555,5 1
person 1 bro straighten your back person 2 i can t my back isn t straight i m a cis major overheard in hill,5,1,111,0.041666666666666664,5 3
what s the big succ no actually what is it ,0,0,44,0,5 3
 students will lie you will lie and its fine michael carchidi,4,2,67,0.18181818181818182,5 1
flashback friday 1981 82 i d like to see a hippie crucified on that wharton student who happened to be a marine corps infantry 3 tour vietnam veteran on running past the van pelt peace sign,1,4,203,0.1111111111111111,5 3
overheard houston person 1 have you ever thought about going into public service you d make a great politician person 2 nah i like money too much ,11,5,157,0.18518518518518517,5 3
overseen newly honored senior getting taken away in handcuffs hey day was never the same,5,2,90,0.13333333333333333,5 2
 my daughter told me i need to post more on twitter professor with two twitter accounts,6,0,89,0,4 30
 en 11 a os nunca he matado a un estudiante tengo un r cord in 11 years i ve never killed a student i have a record see original rate this translation,6,-3,161,-0.09375,5 1
 i wish i could insider trade but i don t have the connections yet aspiring businessman,0,1,91,0.0625,5 3
guy in nch s single elevator spits on the floor ,1,0,50,0,5 2
 men are trash but i m a garbage collector overheard in stommons,198,-1,65,-0.08333333333333333,4 29
 it s a talent to be able to slip in the fact that you re in huntsman in every conversation even if the topic is completely unrelated ,42,1,134,0.037037037037037035,5 1
 yo i m shlumped man how am i going to study you know the only solution right we need to get more high ,0,1,108,0.043478260869565216,5 2
 there s no use worrying about the future because there is no future nihilist boi deep in the last 24hrs of the semester,8,-5,123,-0.21739130434782608,4 30
well it seems that staff members and students assist to free rats and mice that are caught in traps at the vet school please of you feel that way take them home with you ,0,1,173,0.029411764705882353,9 15
beijing ,0,0,9,0,9 15
 the fuck s wrong with you don t just stand there look at me what are you just gonna stand there and act useless all day tough bald contractor from south philly to the new recruit,2,-8,185,-0.2222222222222222,9 14
 i might not be thriving but i m aliving gabbie domingo,15,0,58,0,9 13
in lecture student sneezes professor bless you student sneezes again professor you only get one blessing a day see more,3,1,133,0.05,9 10
outside drl i don t want to be late it makes me uncomfortable ,35,-1,66,-0.07692307692307693,9 12
 do i look like a square bitch you a rhombus ,2,-3,50,-0.3,9 13
at frogro spongebob is just like a naive startup ceo ,4,0,56,0,9 13
 do you see that someone threw out an entire rotisserie chicken with garlic who does that near panera,0,0,106,0,9 13
not sure of the math but overseen at huntsman,80,0,46,0,9 7
rich international premed girl so like is trump debating tonight too ,3,4,73,0.36363636363636365,9 12
overheard in harnwell elevator jenny why don t you just get a nose piercing then girl 2 because i m not a degenerate jenny ,36,0,129,0,9 11
enthusiastic orgo prof when you draw a carbon with five bonds slap yourself but we pay attention to mental health so no self harm except in the case of the pentavalent carbon ,33,-1,181,-0.03125,9 9
abc moderator so should more americans follow your diet booker in spanish no ,0,-1,86,-0.07692307692307693,9 12
overheard bbb professor after explaining extremely complicated process extremely fast you don t really have to know this i mean just study it you ll get it i m sure ,1,0,170,0,9 12
male professor i know a lot more about prostate exams than breast exams and i can t believe i just said that ,1,0,115,0,9 12
boi who spends too much time on recruiting redacted looks good in her linkedin profile picture ,7,3,99,0.1875,9 12
prof does anyone here know the price of really good caviar class prof okay poor kids,13,1,89,0.0625,9 11
 they got me for 262 next year damn professor complaining about having to teach cis262 the coming spring ,17,-4,109,-0.2222222222222222,9 10
pottruck roof basketball courts are only closed because i got that massive drip ,3,0,82,0,9 11
overheard in mcclelland when i study i like to shove things in my mouth ,0,2,76,0.14285714285714285,9 11
at career fair girl 1 i am like please hire me girl 2 don t show desperation it doesn t work on tinder and it won t work here since when is tinder the gold standard of human behavior lol,12,13,196,0.325,9 10
 i remember being a kid coz halloween is my birthday an old soul lrsm ,0,0,72,0,9 11
i feel like bloomers is definitely a sexual entity overheard on locust,15,2,72,0.16666666666666666,9 7
overheard at pennapps what was his name again i keep forgetting oh you can just call him ml daddy ,10,0,102,0,9 7
during latin student does sero have the sexual connotation here teacher uhmm i m not sure what you mean by sexual connotation what else does it mean s semen noticeable silence see more,5,2,203,0.06060606060606061,9 10
engineering student i have no ethical concerns about this ,3,1,61,0.1111111111111111,9 9
overheard at the smokes senior class board event friend visiting from the uk nightlife at penn is lame af no one s dancing to the music or drinking everyone s just networking and asking each other how their summers went ,20,-2,225,-0.05,9 6
overheard in chem251 no one professor drawing molecules is so therapeutic i started drawing molecules in 2nd grade ,22,-1,119,-0.05555555555555555,9 4
heard in engineering soil is the worst thing for plants you put them into soil and they just die ,4,-6,100,-0.3157894736842105,9 4
overheard at the career fair fire alarm goes off no one moves and everyone continues what they re doing recruiter of course at penn people care more about jobs than a fire see more,31,-3,190,-0.08823529411764706,9 6
lauder family guy so i hope lauder college house will serve you well as your home wharton kids ,2,2,99,0.1111111111111111,9 9
rich international wharton kid so what s consulting is it just giving advice ,38,2,81,0.15384615384615385,8 25
 all english majors are poor broke and sad unless they go to law school then they re just sad ,50,-7,100,-0.3684210526315789,9 5
overheard at van pelt thanks michael,4,2,37,0.3333333333333333,9 9
spanish 212 teacher now that we re talking about this there s no word for threesome in spanish but french gets ten words for it it s not fair ,8,-3,146,-0.10344827586206896,9 6
 yea so the bottle said if swallowed or poured in eyes to call poison control overheard outside smokes,0,-2,106,-0.1111111111111111,9 8
nelc 150 professor parties are always the same but the bible is always new ,25,0,79,0,9 5
overheard on 40th and spruce frat boy 1 i had an actual girlfriend last semester frat boy 2 quote unquote motherf cker ,0,0,125,0,9 8
juniors in a freshman hall reunion we will either change the world or destroy the middle class ,1,-3,97,-0.17647058823529413,9 7
 where s new college house isn t it that green building some poor freshmen,0,-2,81,-0.14285714285714285,9 7
overheard on locust i don t understand why people have anxiety and depression that s not like going to help you more ,48,-2,123,-0.09090909090909091,9 4
 climate change debate i hate climate change let s talk about jobs the economy taxes overheard in the radian,5,-3,117,-0.15789473684210525,9 4
 the recent wsj college ranking requires a revision of hypsm now it stands for harvard yale penn stanford mit ,0,0,116,0,9 6
a wholesome 1am convo on locust i gotta grind bro don t grind for grades bro grind to learn ,39,0,101,0,8 31
ta what dialect of chinese do you speak confused student english ,0,-2,72,-0.18181818181818182,9 6
overheard in sobol wait do you take dining dollars ,17,0,55,0,9 3
 professor makes joke class is completely silent professor sometimes i ll throw in a joke or two and i guess you guys don t have to laugh but i d really appreciate it if you did ,9,7,185,0.19444444444444445,9 4
 if i wasn t me i wouldn t want to hang out with me either ,0,1,61,0.06666666666666667,9 5
some upperclassman looking around and clearly amazed so many new faces on locust ,0,3,86,0.23076923076923078,9 5
overheard after an info session i mostly bike around nowadays i am so busy i don t even have time to walk,0,0,107,0,9 5
 how can a five year old have that much clout ,1,0,47,0,9 5
during a convo on cis courses at 4 50 am idk bout you but some of these course difficulties are higher than my gpa ,41,0,117,0,9 1
 seductively hey matt you wanna see my tensor a couple of bois struggling with phys503,4,-2,92,-0.13333333333333333,9 4
 math is stupid dawg just blow that shit come get lunch ,4,-6,58,-0.5454545454545454,9 5
 i m never reading any garbage from harvard ever again ,0,-1,56,-0.1,9 5
 the legal studies department is full of grandpas of the cutest variety ,2,1,72,0.08333333333333333,9 4
overheard in willcaf working here is the ultimate sabs ps if u work in willcaf i love u,0,3,90,0.16666666666666666,9 5
i went back to my school in kentucky after nearly 3 months of internship at penn here is what i introduced myself to people me i was at university of pennsylvania doing an internship kentucky people oh penn state the ivy league school me ,5,0,250,0,9 4
student to a lecturer from drexel as everyone is packing up at 10 20 lecturer we still have 10 minutes left student sorry that s not how penn works ,36,-1,156,-0.034482758620689655,8 29
 is it just me or do you also get high after doing math problems ,19,-2,66,-0.14285714285714285,8 30
 i feel like there s a really niche fetish where girls are into men with big boobs some idiot,6,0,96,0,9 2
freshman 1 discussing insomnia cookies it s not a good lifestyle to have freshman 2 who cares we re all going to die one day ,24,0,133,0,8 29
while having lunch did you know that if you go to class you might actually learn shit ,1,-4,88,-0.23529411764705882,9 4
wharton kid talking about politics wait isn t kashmir in nepal ,18,0,71,0,8 24
freshman in huntsman do u know how to get out of this building i ve been trying for a while ,30,0,98,0,8 28
 is venmo a dating app ,21,0,24,0,8 26
 i m doing applied maths so the logic i use is not really logic ,3,0,64,0,9 2
context is eating chocolate chip brownies that s the wharton mentality you asked for more i said yeah sure took a piece off of yours and gave it back to you ,0,1,163,0.03225806451612903,9 3
 i found fucking mold in my room some freshman from the quad,36,-4,63,-0.3333333333333333,8 28
 what s a juul disoriented freshman,7,-2,39,-0.3333333333333333,9 2
 platonic grinding is a thing right ,48,0,38,0,8 25
some dude at stommons i didn t fuck my girl in a while and after i bust a nut i accidentally said thank you ,0,-4,110,-0.16666666666666666,9 1
 i got my mom addicted to njoy ,1,0,31,0,8 30
outside qdoba how you got white people making tacos ,3,0,54,0,9 1
 why is there a cow being struck by lightning in this textbook oh wait that s a man on a horse someone taking ese215,3,-1,122,-0.041666666666666664,9 1
franklin s table high pitched noise please help my brain is collapsing,0,1,71,0.08333333333333333,9 1
me and everybody in the lounge in speakman nothing rich international kid who lives in domus and is running for student government i understand your struggle ,0,0,163,0,9 1
jocelyn flores starts playing man i love x wharton student what the variable math major,0,3,94,0.2,9 1
tilted axis is that like benito mussolini,1,2,42,0.2857142857142857,8 31
 if we get our toilet replaced every week we never have to clean it ,9,2,68,0.14285714285714285,8 30
upperclassman 1 is that a freshman upperclassman 2 either that or a 12th grader visiting the school upperclassman 3 or a middle schooler fisher bennet hall see more,5,0,173,0,8 28
 she put her finger in my ear she put her finger in my ear it wasn t even wet it would have been better if it were wet ,1,2,123,0.07142857142857142,8 31
 leidy labs is the gateway to hell overheard outside towne,1,-4,59,-0.4,8 29
late night creative writing class guy i m in wharton professor wait what did you say guy wharton i m in wharton girl it s the business school here professor you said warden i haven t heard about that since my time in prison see more,1,0,250,0,8 30
 my brain s fried from working on cis 160 tbh gotta do some multivariable calc to unfry it ,7,0,92,0,8 29
guy in line at insomnia i think it s called the freshman 15 ,0,-2,65,-0.15384615384615385,8 30
 spruce street where s that posted for a friend ,14,1,52,0.1111111111111111,8 23
coming to penn implies suffering the rajiv gandhi,29,-2,51,-0.25,8 27
stem senior in shdh is this the mcneil building ,3,0,51,0,8 29
cis freshman days before finessing the system so it says no collaboration on the syllabus right but define collaboration ,0,-1,125,-0.05263157894736842,8 29
when you get old to the point where you can t lay eggs that s the point when you become a meat chicken they make chicken nuggets out of you ,0,0,142,0,8 29
 many of you seniors have gotten too used to courses where your opinions count dr schmidt in bibb251 today,4,0,109,0,8 28
 professor wearing a blazer and dress pants with running shoes so am i committing any crimes right now well maybe against fashion ,2,-2,139,-0.09090909090909091,8 28
 i like history but i want to be employed ,21,3,43,0.3333333333333333,8 27
 i m so tired but i m gonna try to sneak into a psychology lecture at 5 ,0,-2,73,-0.11764705882352941,8 28
 i got back at my ex by un endorsing her on linkedin ,23,0,54,0,7 16
 i like guys who are hot enough to be as douchey as they are ,41,2,62,0.14285714285714285,5 17
 in human physiology prof what is your understanding of physiology student uhh just high school level prof yeah same ,2,1,128,0.05263157894736842,8 27
i am thrilled to teach this class in an inverted yield curve structure i am so happy it is happening right now first day fnce,1,8,129,0.32,8 27
 i ve given up i m just going to eat now sad freshman in pret,32,-2,64,-0.13333333333333333,9 26
 groans i need to do code poor cis121 boy,7,-4,45,-0.4444444444444444,9 30
wharton student climate change is real but it s going to happen in fifty years we ll be dead anyways random student why are we dying so young wharton student wdym won t we be like 90 random student 18 50 is not 90 see more,28,-1,231,-0.021739130434782608,9 29
walking out of class in drl dude 1 hey i just looked up flights to unintelligible for spring break dude 2 how much dude 1 600 round trip dude 2 dude that s like basically free see more,40,3,200,0.07894736842105263,9 26
 siri how many days was 18 days ago girl in jmhh,3,0,53,0,9 29
 it s not sexual tension it s just tension ,1,-2,44,-0.2222222222222222,9 28
 libertarianism is astrology for men ,13,0,37,0,9 28
 i want to be proposed to in a conference room with a slide deck lonely wharton student,30,-1,90,-0.058823529411764705,9 28
overheard in italian after getting a question wrong student 1 dammit i wanna commit sudoku now student 2 that s the card game isn t it see more,2,-1,154,-0.03571428571428571,9 23
overheard in 375 are you a joseph wharton scholar no i m in m t ,15,-1,70,-0.06666666666666667,9 28
friend 1 oh oh is this tea friend 2 no it s not it s fucking chai ,41,-3,75,-0.17647058823529413,9 21
houston i m glad you changed your major instead of dropping out ,46,3,65,0.25,9 25
 swiping i should be sleeping girl with 4 midterms when asked about tinder,12,0,78,0,9 27
overheard in towne classroom someone came to pennapps from mauritius mauritius is literally the size of this room ,18,0,122,0,9 27
 guy last minute cramming for midterm are you sure thats what the textbook says then the slides are completely wrong i have zero confidence now what the fuck ,5,-4,163,-0.14285714285714285,9 27
 sleep is for the weak it s me i m weak ,42,-4,43,-0.36363636363636365,9 25
 no it wasn t racism or sexism it s more like socialism ,2,-2,66,-0.16666666666666666,9 27
some loud drunk girl at mcd s around 2am it s not like i m trying to brag or anything but idk i naturally attract men like should i try to look ugly ,3,-4,156,-0.12121212121212122,9 26
 maybe i should just become a software engineer the average salary is so much higher ,10,0,87,0,9 24
 wherever i hear the name cindy i just think of that thot from jimmy neutron ,27,0,78,0,9 24
https www facebook com events 469130857017096 ti icl buy and put my name will ship if needed ,0,0,98,0,9 27
thursday and friday in october fall break 4 days off,0,0,54,0,9 27
 ah you a good bitch you not a hoe no more student admiring his painting,9,0,76,0,9 25
 in high rise elevator looking at phone what exams are you studying for oh no this is ifunny ,2,0,99,0,9 24
 i don t need a good work ethic to get a job overheard outside huntsman,1,3,72,0.2,9 26
m t student can i do dmd as my engineering degree and huntsman as my wharton degree ,10,0,85,0,9 25
found on locust walk chem 241 reacts only,102,0,41,0,9 24
me i m in the nipple i m in bumblefuck in the quad my friend wait there s a house in the quad called bumblefuck ,0,1,119,0.04,9 25
girl fed up with the shit she has to do i m dying person next to her dw we re all gonna die eventually ,3,-10,110,-0.4166666666666667,9 24
 why are you guys always laughing this is a review session not a laughing session ta leading cis121 review session,29,4,119,0.2,9 24
oblivious international who is joe biden trump s vp right ,11,0,63,0,9 23
 someone enters bathroom in high rise wait i also have to pee can i just pee between your legs ,7,1,97,0.05263157894736842,9 21
 i have no feelings for him except for frustration and lust ,36,-3,60,-0.2727272727272727,9 20
 who s eric furda i thought it was dean furda ,30,0,51,0,9 23
person 1 so we can assume that it s arbitrarily close to zero person 2 aren t we all ,0,0,91,0,9 24
prof niedermeier mktg101 when u have a kid ur number one job is to keep him alive grow him up and get him into an ivy league edit timothy lim and to get to an ivy league the kid needs to be alive ,18,2,211,0.046511627906976744,9 23
overheard in huntsman i love how you pride yourself on how much you suffer ,2,1,77,0.07142857142857142,9 23
overheard at quad i m kinda a mini legend back home but i feel like i m nothing here ,21,2,90,0.10526315789473684,9 21
 the smashing pumpkins is like classic rock to you isn t it boy i m old ,0,2,74,0.125,9 24
 draws a heart is this the airbnb logo ,6,0,46,0,9 24
overheard in cis320 towne 100 is this intro to marketing ,8,0,62,0,9 23
no one literally no one eric furda the philadelphia eagles losing on sunday is the single greatest threat to the university of pennsylvania and this will hurt our admissions statistics for the upcoming calendar year i am appalled,5,-8,232,-0.21052631578947367,9 23
 group of girls talking about their ratchet ass nights one girl well this was nice i m gonna go to bible study now ,27,-1,119,-0.043478260869565216,9 22
professor blah blah blah blah 10 different people cough cough couugh coughhghhh ,71,-8,83,-0.6666666666666666,9 19
exam season x mark s cafe renovation desperation,1,0,50,0,9 23
outside of dke party bro raises his hands guys i am the big fucked up ,1,-3,74,-0.2,9 22
clueless wharton freshman what is hindi hindus speak hindi right ,31,-2,69,-0.2,9 22
overheard on locust on the one hand i m like feminism on the other hand i m like free food ,10,5,98,0.25,9 21
person 1 showing this to another person person 2 tbh i would rather have money and hellfire than no money and no hellfire ,16,-2,134,-0.08695652173913043,9 18
overheard in harnwell half naked guys are my specialty ,5,0,56,0,9 21
 the only way i get power is through alcohol that s definitely a way to leave life i approve of this drunk people on locust walk,0,-3,135,-0.11538461538461539,9 22
 i ve scored so much higher than the fucking harvard median on the lsat drunk guy on locust,7,-6,93,-0.3333333333333333,9 21
girl in class i love nespresso someone quietly fucking europeans ,33,-1,72,-0.1,9 19
 i think you should do shrooms this semester i mean what is stopping you nothing you got some ,17,-1,101,-0.05555555555555555,9 17
 i m a goldman sachs banker don t touch me in the midst of a fight at smokes,39,-1,81,-0.05555555555555555,9 18
 i did the same club in high school but i was a bigger deal then here i m just a chair there i was the whole fucking table ,11,-4,126,-0.14285714285714285,9 20
happy restaurant week ,81,3,28,1,9 15
girl 1 idk i think he s out of my league girl 2 he can t be out of your league you re in the same league the ivy league,2,0,123,0,9 18
in psych111 girl to professor so are ganglion cells like a real thing,2,2,74,0.15384615384615385,9 19
2am outside smokes girl wait i m buddhist guy you just said you re atheist girl well i mediate ,0,0,108,0,9 20
 if you could work 3 more hours a day and make 10 20k more or spend a couple hours with your son or daughter i mean like my dad never spent time with me and i think i turned out ok ,4,2,186,0.04878048780487805,9 19
 i mean if i was a drexel girl and there was a penn guy then hell yeah would you marry a drexel girl oh hell no ,11,-8,121,-0.3076923076923077,9 9
 you re gonna get a parasite i ll take a fucking chance okay explosion from microwave holy shit see more,4,-6,118,-0.3,9 18
overheard in huntsman hall i once made a burner linkedin to stalk people ,19,0,75,0,9 15
person 1 should i go work at mcdonald s person 2 dude you ll be fine i told you stop stressing person 1 confusion person 2 wait did you mean mcdonald s corporate like the company person 1 showing handshake yeah their finance department big l see more,46,5,270,0.10416666666666667,9 18
overseen in the quad,5,0,20,0,9 17
girl it s not that i don t like her it s that we re musically incompatible,11,2,76,0.11764705882352941,9 2
 i was feeling sick so i kept drinking and drinking and i swear the alcohol killed all the bad stuff in me ,54,-9,108,-0.4090909090909091,9 14
,129,0,0,0,9 14
person 1 he could make better use of his time enjoying himself or working person 2 but he s a senior at wharton there s no such thing as enjoyment and there s no such thing as work ,0,2,189,0.05263157894736842,9 18
 wait what do you sighs how did you not know that the first question they re gonna ask is walk me through your resume ocr reacts only ,3,0,142,0,9 18
 youve never been there at pcpe aren t you an econ major yeah no ,1,0,71,0,9 18
overheard in the 1920 commons restroom i pay 80 000 for this school and i can t even get a lock ,4,-1,102,-0.047619047619047616,9 16
 dude i just spend 120 in wawa ,63,0,33,0,8 22
girl 1 i have my first dp interview tomorrow girl 2 that sounds sexual where do i sign up ,5,0,94,0,9 17
 he hasn t texted me back yet so i think i did something right proud former tinder user,0,2,91,0.1111111111111111,9 18
overheard in harnwell and there i was on the fourth floor with a senior in gucci slides a rolex and an off white shirt doing lines off his macbook pro with a hundred dollar bill ,11,0,182,0,9 12
econ 101 so should we regulate the fees universities charge complete and utter silence i ll leave that for you to worry about ,4,-4,136,-0.17391304347826086,9 17
 why does this look so sexual girl looking at the tower of hanoi in cis 121,2,0,76,0,9 17
on locust walk one girl to another does nobody wear a bra on this campus ,36,0,74,0,9 11
 it s like playing chess with a pigeon no matter if you win or lose at the end of the day the pigeon just shits on the board an impassioned rant about homophobes,0,3,166,0.09090909090909091,9 17
student 1 i got 57 right and 8 wrong how is that a b student 2 well mathematically 5 minutes later student 2 wait what s 5 4 see more,0,-2,157,-0.06666666666666667,9 17
 a dinner table full of freshmen plague sufferers ,1,-5,53,-0.625,9 16
chinese man to indian man buddha you mean mahatma buddha wait it s siddarth right ,0,0,86,0,9 17
overheard in cis 120 i ll endorse you on linkedin if you endorse me back ,23,4,75,0.26666666666666666,9 16
,14,0,0,0,9 16
engineering prof we ll study theory this week and then the applications pay now win later kid next to me that s what she said ,4,3,134,0.12,9 17
loudly said by somebody upset over the changes to mark s cafe ew what the fuck this is not acceptable to me they ve literally replaced humans with machines ,3,-7,162,-0.2413793103448276,8 28
cis professor after putting a trick question on the quiz you don t need to be a sadist to be a professor but it helps ,7,2,122,0.08,9 12
 ,28,0,3,0,9 14
 have you tried being sober no that s gross ,13,-3,48,-0.3333333333333333,9 15
 i wear sweaters i probably look like i never think about sex wharton gorl,20,2,77,0.14285714285714285,9 14
 where s your tie i don t have one but you re in wharton i have a bow tie see more,11,0,98,0,9 15
 his height is 5 5 but his audacity is 6 7 ,59,0,44,0,9 14
 climate change is just a liberal hoax like systemic racism and stop signs ,0,-4,77,-0.3076923076923077,9 16
 i m asian so i know a lot of doctors andrew yang,3,0,50,0,9 12
water is too spicy overheard at kceh,26,0,38,0,9 7
 on the phone don t tell me you re sick you ve been playing cricket all weekend ,0,-2,84,-0.11764705882352941,9 15
 i was in my lab and i got confused and starting writing ocaml code in matlab confused cis 120 student,16,-4,104,-0.2,9 12
well it seems that staff members and students assist to free rats and mice that are caught in traps at the vet school please of you feel that way take them home with you ,0,1,173,0.029411764705882353,9 15
 oatmeal is my weakness but also my strength ,79,0,45,0,10 9
 i have a new motto get head make bread feel dead m t snek at 6am,23,-3,71,-0.1875,10 9
 i m gay now because rajiv just fucked me ,45,-4,42,-0.4444444444444444,10 9
 i hate ethics premed,34,-3,23,-0.75,10 9
 i wish i had gone to harvard it d be easier ,17,1,46,0.09090909090909091,10 6
 dogs are worse than mosquitoes ,17,-3,32,-0.6,10 9
 babies really are little people aren t they ,0,0,47,0,10 9
orgo students doing work oh that reaction is so cute ,69,2,59,0.2,10 3
two people walking out of psych person a i did well on psych midterm well not good but well considering i didn t study for psych bc of my arrogance that i got a 5 on the ap i got an 82 person b oh i got a 79 person a yo let s study together see more,12,-3,258,-0.05172413793103448,10 9
 guys i don t know how to factor practically done girl at cis 160 office hours,9,0,86,0,9 30
freshman frustrated with her love life why do ex boyfriends exist they re so useless ,3,-1,89,-0.06666666666666667,10 9
overheard on chestnut i literally studied for bio for 20 straight hours i dream about the krebs cycle ,46,2,106,0.1111111111111111,10 6
 overheard in the radian guy 1 i m still waiting for someone to tag me in the non fuckboy athletes penn crushes post guy 2 but you are a fuckboy athlete ,3,-1,163,-0.03225806451612903,10 9
overheard in the quad dude have you ever been attracted to your own code cis 120 freshman,17,1,96,0.058823529411764705,10 6
person 1 are you guys doing anything fun this weekend person 2 gonna try to get caught up on sleep person 3 i tried to do that last night but ended up making a pie,83,4,166,0.11428571428571428,10 5
 i think drunk me is straight ,8,-1,33,-0.16666666666666666,10 4
overheard at stouffer college i am mad i can t find my favorite raincoat but actually i lost my favorite forest green patagonia raincoat size l it s also the only raincoat i own because fgliprobs if you saw it at commons the grocery store or the psych building please return it to me i ll buy you food from houston hall with my dining bucks thanks ,0,1,373,0.014925373134328358,10 9
 it s an ivy league school but their tradition is throwing bread espn on a lounge tv in the quad,3,0,102,0,10 7
1 5 hrs before mktg 101 midterm roommate 1 to roommate 2 alright what are the four factors of authenticity in marketing roommate 2 uhhh brand roommate 1 bruh that s the title of the lecture slides roommate 3 dude drop mktg roommate 4 boom roasted see more,44,-1,269,-0.020833333333333332,10 7
 i need to be tucked in because i m baby ,53,0,43,0,10 6
van pelt student correcting their math 114e exam fuck fuck fuck ,8,-12,75,-1.0909090909090908,10 6
 i feel like i have the work ethic of a legacy kid rn ,23,2,54,0.15384615384615385,10 7
 bro why buy paper when you can steal it from huntsman ,94,-2,55,-0.18181818181818182,10 4
wharton professor explaining marginal cost and average total cost think of it like the gpa of this class if we added an english major here it would lower the average ,27,2,176,0.06666666666666667,10 6
 bro what frat did you go to vp ,54,0,36,0,10 6
wharton freshman in stommons who has been here for 5 weeks i m so stressed i have to apply to so many internships tonight ,2,-2,125,-0.08333333333333333,10 7
wharton professor explaining marginal cost and average total cost think of it like the gpa of this class if we added an english major here it would lower the average ,27,2,176,0.06666666666666667,10 6
excited freshman overheard in commons i really wanna do consulting coz i love giving advice ,55,6,96,0.4,9 21
 if you re not taking advantage of the system the system is taking advantage of you notalllegacies ,0,4,102,0.23529411764705882,10 7
 john jay was like really hot ,5,2,31,0.3333333333333333,10 5
overseen in the chem library,19,0,28,0,10 6
 if you go to heaven you re not living your life right dude in reference to the nutty religious protesters,3,0,107,0,10 7
 how old is the beef it s pretty young overheard on walnut,1,1,65,0.08333333333333333,10 6
 friend 1 to friend 2 dude what is up with the sass today bro friend 2 dude its sass mixed with depression it s a killer combo bro,1,3,137,0.10714285714285714,10 7
 dude everyone knows the higher the acceptance rate of a college the hotter the girls are ,6,1,91,0.0625,10 4
 a mother to her young child i need to figure out how much money to donate to penn to ensure that you all get in easily because you don t know how important it is to come to penn ,14,5,185,0.1282051282051282,10 6
 now i want to work on a homework problem to make your lives less miserable engineering professor,2,-4,98,-0.23529411764705882,10 7
overheard at hill dining a security guard called mert on me so i just ran away ,31,0,82,0,10 5
girl in hill does anyone actually read the daily pennsylvanian her friend yeah i read it like every week girl in hill oh do they write it every day or once a week ,2,4,169,0.12121212121212122,10 6
 the opportunity cost of dying is less than being merted ,30,-1,57,-0.1,10 5
 i ve been watching so much survivor lately really helping me process what s important in life ,19,6,96,0.35294117647058826,10 5
 i got turned down for a caps appointment ,9,0,42,0,10 1
 overheard at dim sum house is dim sum japanese ,18,0,51,0,10 2
speaking of a group project 6 weeks into the semester i had to literally facebook stalk my teammates to figure out what their names are ,0,0,140,0,10 6
overheard at huntsman can you go out tonight obviously not i have coding to do ,54,0,86,0,10 2
overseen at vp oxocarbonium chick ion latenightchem251 cr so won min,14,3,73,0.2727272727272727,10 3
 at 1920 commons god created chickens so we could eat them ,0,1,62,0.09090909090909091,10 5
overseen at pottruck grindneverstops,17,0,37,0,9 30
student i got friendzoned by a girl for 2 years and now i ve been dating her for 3 lonely wharton freshman dude that s such a successful investment that s a return on investment of 150 ,54,1,190,0.02702702702702703,9 29
 panera discrimination is the essence of good marketing ,3,3,59,0.375,10 5
overheard on locust should i book a gsr to break up with my boyfriend ,65,0,73,0,10 2
freshman complaining about writing two pages for writing seminar when i m ceo of goldman sachs i m having my interns write everything for me ,21,-2,144,-0.08,10 3
 what s that one korean band bst a cis120 nerd,65,0,50,0,10 2
excited snek wannabe i just got an interview for ms fixed income clearly an engineer fixed income is that like salary ,10,6,128,0.2857142857142857,10 4
old woman waiting outside of van pelt there s all this riff raff walking around look at her she looks like she went to a public university ,0,2,143,0.07407407407407407,10 5
girl trying to finish homework i can t do algebra friend that s not something that can be fixed tonight girl that can t be fixed ever,23,1,136,0.037037037037037035,10 3
locust walk i heard that you can change your sexuality when you re on high on drugs ,0,0,87,0,10 4
 sitting with friends outside of rodin looks at dog who s the prettiest princess looks up it s me i m the prettiest princess ,4,0,134,0,10 4
 wait i can t believe his name is actually dean i ,5,0,51,0,10 4
in platt i don t get tipsy until at least 10 shots ,29,0,54,0,10 3
guy studying for cis i don t wanna do this anymore i wanna go to culinary school ,131,0,85,0,9 30
 meam professor during class nothing is ever always anything ,1,0,65,0,10 4
want to try my seafoods find me at galaxy west ,0,1,47,0.1,10 4
 big pharma is good i study health care management let me tell you why saitej guttikonda also premed,11,6,103,0.3333333333333333,10 4
overheard at hunstman did you guys already appropriate this gsr ,8,2,67,0.2,10 2
 ugh my head hurts from studying for this midterm i need to take a break opens handshake ,51,-4,91,-0.23529411764705882,9 30
wharton prof to class is anyone here rich ,5,2,45,0.25,10 2
 john legend is performing rn at penn and we legends are stuck here studying ,49,-2,77,-0.14285714285714285,10 2
 i would expect a finance bro to break my heart to be honest i m not sure why i expected better from a white tech bro though ,1,4,128,0.14814814814814814,10 3
 isn t domus a frat ,96,0,20,0,9 30
 what is bio ohh byo overheard in harn,2,0,44,0,10 2
 i m so confused this passage started somewhere and ended in nazi ism ,1,-2,72,-0.15384615384615385,10 3
 i don t pay tuition for the professors i pay it for the pressure ,0,-3,68,-0.21428571428571427,10 2
right behind me 2 boys in conversation yeah objectively rhea just isn t that hot i am rhea fuck you,52,-3,107,-0.15,4 17
 girl passing by on locust i can t afford a new charger maybe i ll buy a new laptop instead ,30,0,96,0,9 26
no one math professor so what is the purpose of an atomic bomb,1,-2,65,-0.15384615384615385,10 1
 i would like to delete friends but i ve learned that that s called murder ,5,0,76,0,10 2
 i can only use plastic straws i m a gross girl van pelt 3rd floor,2,-2,71,-0.13333333333333333,10 1
professor trying to remember asian guy s name i want to say kevin but not sure if that s right ,21,1,96,0.05,10 2
 overheard in huntsman lounge the only reason i came to penn was for huntsman if i dropped it now i will literally transfer ,14,-1,127,-0.043478260869565216,9 30
overseen ben is packin heat,6,0,28,0,9 23
 is that for the john lennon show tonight ,0,0,43,0,10 2
 children they start out as pets overheard at kelly writers house,0,0,69,0,10 2
 i have no motivation for anything even sex what sex ,8,0,62,0,9 29
 in houston yoooo smurfs are b i g they re three apples tall,3,0,66,0,10 1
at commons is there any particular reason why penn is better than drexel ,10,2,76,0.15384615384615385,10 1
 talking about midterms i figured per problem 7 minutes of work and 1 minute of crying not sure where i want to fit the crying in yet ,4,-4,141,-0.14814814814814814,10 1
2 girls talking about their mono girl 1 look how thick my neck is now girl 2 wow so thicc so thicc ,2,4,110,0.18181818181818182,10 1
guy from texas seasonal depression isn t a thing back home there it s just regular depression ,10,0,98,0,9 30
 i wanted a hot boy summer but i really just fell in love instead ,6,3,68,0.21428571428571427,9 30
 yo your friend has been shitting here everyday i do not approve ,3,1,67,0.08333333333333333,10 1
philosophy professor both of their fathers wanted their children to go to wharton not to the college of arts and sciences ,0,0,126,0,10 1
girl calling someone on locust wtf is wrong with this school ,2,-6,64,-0.5454545454545454,9 30
freshman studying for econ i m going to econ scream so i get tired of screaming when i get my midterm results back ,0,-6,117,-0.2608695652173913,10 1
white girl distressed i got soy sauce on my quran ,11,-2,58,-0.2,9 30
late night discussion while studying for cis 160 person 1 you wanna be a thermostat not a thermometer person 2 so you wanna be the driveway not the shovel ,0,0,163,0,10 1
facilities staff outside men s bathroom in mcneil i swear he puts pubic hair in this sink every morning ,1,-2,108,-0.10526315789473684,9 30
 if you re not majoring in engineering nursing or finance you re basically in the college of arts and sciences tour guide on locust,32,0,138,0,9 26
 drexel chipotle is such an inferior good econ 001 student,7,1,61,0.1,9 28
 i ve given up i m just going to eat now sad freshman in pret,32,-2,64,-0.13333333333333333,9 26
 i don t know what you guys are planning to do next sunday but i m going to another church freshmen after nso,3,0,113,0,8 25
rich international ppe major at a wawa ma am can i get a subscription to the new york times cashier say whaaaaat ,4,2,120,0.09090909090909091,8 24
freshman talking to a friend at the toga party dude you draw with your penis what the fuck ,0,-3,96,-0.16666666666666666,8 26
guy with indian roommates what was that you were saying while i was in the bathroom i think hearing hindi really helps with bowel movement,1,2,141,0.08,8 25
overheard near the tampons would you like a copy of the dp dad moving in uh sorry i can t read ,34,1,102,0.047619047619047616,8 24
 can i get a martini overheard at a nso party,20,0,48,0,8 24
kid from vassar college people should not chase after money our penn boi that s the dumbest thing i have heard in my entire life ,43,0,132,0,7 1
 he felt a large jewish titty before nso freshman in front of the sig nu house,3,0,81,0,8 24
 this guy posted in the squirrel group that he was going to do a rain dance to make it a snow day ,0,0,98,0,8 23
 talking about fresh grocer shutdown due to the rodent infestation i guess it should be called grocer now since it s no longer fresh ,1,1,136,0.041666666666666664,8 20
 please stop it they re everywhere they re like gnats referring to a biker gang that was passing by ,4,2,106,0.10526315789473684,8 4
 are you thinking of going for an mba after you graduate confused english major i don t play basketball ,48,-2,108,-0.10526315789473684,6 22
,0,0,0,0,7 28
 it kind of makes me wish that i was buff and owned a leotard ,1,3,62,0.21428571428571427,7 23
 good i like it when people cheat intelligently cheating dumbly is dumb the presentation was nice and short so now we have plenty of time for grilling jean gallier,0,-1,173,-0.034482758620689655,7 22
 life is soup i am fork ,57,0,26,0,4 21
 i need to go to church a sinner at 10 02pm on monday,20,0,56,0,7 8
 i like my boys like i like my string beans cut someone who s expressing their preference for jewish bois ,12,5,109,0.25,7 3
 someone asked me where is upenn i said it s basically everywhere exasperated person by 30th street station,9,-2,111,-0.1111111111111111,5 28
person taking a wharton photo ok everyone say money ,2,0,56,0,6 11
 sometimes i wake up and i m happy ,18,3,35,0.375,6 23
 i gotta get some blond guy friends they re like novelty cards ,28,2,65,0.16666666666666666,6 6
overexposed the math department,1,0,33,0,6 23
 the virgin immanuel kant vs the chad thomas aquinas who is also a virgin but still ,23,0,84,0,5 17
overseen in the gambia econ002 you can t really escape ,107,-1,60,-0.1,6 19
 i wish my life was worse so i could find more problems to come up with business ideas whartonized seas guy,8,-4,111,-0.19047619047619047,6 20
person a what time period would you be person b the roaring 20s person c quietly i d be the great depression,11,3,114,0.13636363636363635,5 17
 finds a bottle cap under the table penn facebook intern i am so intelligent penn google intern no you are not at best you are mediocre ,21,4,142,0.15384615384615385,6 8
overheard at a food truck outside the chem building i am the michael cohen of this lab ,0,0,89,0,6 12
overheard at mcdonalds on a thursday night are you kidding me everytime i see you youve had like 3 margs and are living you best life youre doing great insert whatever name you want here ,3,9,193,0.2571428571428571,6 7
 higher than the sky dawg why don t you have a linkedin bro ,0,0,62,0,6 7
 it s not insider trading if i m not a registered insider wharton finance intern after getting access to a publicly listed company s financials ,8,0,148,0,6 5
 excuse me how do you make water little kid in leidy,0,-1,56,-0.09090909090909091,6 5
 when i take the septa i feel like i ll catch some death singapore subway mrt,27,0,81,0,6 3
gotta love those not so humble brags in the parent group,45,4,58,0.36363636363636365,5 14
iron man i love you 3000 cis boi i hate you 160 ,79,0,53,0,5 9
 i m realizing i ve never been to office hours how the heck do you hold office hours a summer session 1 ta,4,0,112,0,5 29
overheard in drl you can t get stds from watching hentai ,14,0,59,0,5 28
 during an interview phone call interviewer so we have your email here for penn state is that still up to date ,3,0,113,0,5 24
no one absolutely no one harnwell good morning it s time to get ready for graduation ,25,1,93,0.0625,5 20
 as a child my parents taught me kindness at wharton my professors untaught it to me ,37,2,89,0.125,5 17
 girl ranting at blaze all men are trash guys at the table look down at the floor uh except for you guys y all are compost ,50,0,134,0,5 8
overseen in princeton ,36,0,22,0,5 22
girl talking to vp security guard it s my last time leaving here can we take a selfie ,36,0,90,0,5 8
 graduated seniors reminiscing over midnight fried chicken and soju person 1 wait so your birthday was the first day of freshman year person 2 yeah person 1 what did you do get lit person 2 i cried ,21,-1,209,-0.02702702702702703,5 20
 chick fil a hates the gays that s why you can only eat it once a week a concerned friend,7,-4,95,-0.2,5 21
i am ready for the mumps senior on walnut walk,15,0,47,0,5 20
how do you pronounce apricot ,2,0,29,0,5 20
 communication what is that i thought she graduated from wharton disappointed family member,5,-2,96,-0.15384615384615385,5 19
 i realized my gpa sucks too much to get into another good school so i need to get as many degrees from penn as i can overwhelmed rising senior somehow enrolled in the college wharton and engineering,47,0,204,0,5 16
penn in prague who ordered the duck duck goose ,5,0,57,0,5 18
good morning it is my 55th reunion this weekend this group brings back my younger days good morning it is my 55th reunion this weekend this group brings back my younger days ,21,6,178,0.1875,5 18
me browsing through a friend s photo album awww your toddler is so cute friend which photo me pointing to the left half of the fourth one figure 4a friend you need to take some time off from research,1,5,208,0.1282051282051282,5 18
 ahhhhhhh omg did that come out of me a penn dental student in a gse restroom upon seeing a cockroach in the toilet as she s peeing ,9,0,141,0,5 16
 no pain no bain ,32,-4,18,-1,5 13
my 1 was food truck overseen in huntsman gsr ,23,0,48,0,5 12
one indian song at senior formal later why couldn t i be born brown a confused non brown senior,25,-2,104,-0.10526315789473684,5 15
big lasagna,1,1,11,0.5,5 16
,0,0,0,0,5 17
 if i were a guy i would fuck a grapefruit horny huntsman gal,33,-4,65,-0.3076923076923077,5 12
 i hate this place penn earth ,15,-3,35,-0.5,5 16
 ohio strengths methamphetamine knowledge weaknesses cold war awareness men an ohioan wannabe,12,-2,101,-0.16666666666666666,5 14
 spreads yolk over chicken i have united the family ,12,1,54,0.1111111111111111,5 16
kid wheeling a penn moving cart through second floor huntsman at 9 pm sorry just tryna find my dorm man ,8,-1,106,-0.05,5 12
newly graduating seniors taking pictures on locust these are like wedding pictures shall we take one making out after ,13,2,122,0.10526315789473684,5 15
,0,0,0,0,5 16
a young couple sitting at old deck tavern girl adjusting her spanx these are so itchy i need to buy new ones boy don t worry i will buy you new spanx if this aint love i dunno what is get yourself a man who buys you spanx ladies see more,3,-2,257,-0.0392156862745098,5 16
 i feel like my stomach is spilling out of my pants it s the worst thing in the world overhead at commons,0,-1,109,-0.045454545454545456,5 16
 i was trying to eat healthier but then i just stopped eating penn student reflecting on the year,48,-1,102,-0.05555555555555555,5 11
overseen grading exams at the bar,22,0,34,0,5 14
 does wawa accept apple pay ,5,0,29,0,5 15
a true new yorker so where is westchester other new yorker north original new yorker oh so it s in staten island ,35,2,123,0.09090909090909091,5 14
 yeah we pretty much deprecated the stwing quote wall in favor of overheard at penn ,2,4,86,0.26666666666666666,5 15
 i thought there were going to be people dumber than me at penn but i realized i m the dumb people overheard in my head,78,-3,121,-0.12,5 10
 shit who do i add for last hurrah oh wait who was that kid in my spanish class freshman year he said hola to me once on locust ,13,1,133,0.03571428571428571,5 13
 where is locust walk a senior,6,0,34,0,5 14
 what s your limit for uncomfortableness of movies you want to watch ,1,1,70,0.08333333333333333,5 15
 if you re wharton you don t rob the bank you are the bank overheard by rodin,3,-2,81,-0.11764705882352941,5 13
2 freshmen on locust last night was a hassle she passed out during the pre game wait she didn t even go to the game just game over ,8,0,141,0,5 13
 the social security card is just a fucking piece of paper scammed international student,26,-4,93,-0.2857142857142857,5 12
 it s a night to remember because i don t remember any of it ,4,0,61,0,5 14
 jimmmmmy buckets hill security guard edit hill security guard quiet tears see more,10,-2,93,-0.15384615384615385,5 12
 aight lets go to toronto and jump him it needs to be a good beating wawa employee responding in the only rational way to last night s loss,4,-1,146,-0.03571428571428571,5 13
 i m glad i walked out of those three weeks with no emotional pain just trauma ,0,-3,80,-0.1875,5 13
 i m upset i m sober and i m hungry ,0,-2,38,-0.2,5 13
a splash from the adjacent stall,2,-2,32,-0.3333333333333333,5 12
person a i m taking french next semester person b but that s a dying language person a no it s the language of love person b that s why it s dying ,33,-4,155,-0.12121212121212122,5 11
at vp should i ask my greatgrama for tinder plus for my birthday ,10,0,68,0,5 13
 she s in wharton she has to shower engineering kids can get away with it cuz they re hermits overheard in hill,64,0,113,0,5 9
 i went to the gym wtf how did i gain weight student stress eating during finals,23,-3,84,-0.1875,5 11
t 10 hours til final did we get a syllabus for this class ,13,0,59,0,5 10
walking into van pelt i had sex yesterday for 5 straight hours ,77,1,65,0.08333333333333333,5 5
 i need crack cocaine cis419 student looking for someone to take their exam,24,0,78,0,5 12
 some guy working on his finals paper because everything looks sexier in pdf ,12,0,81,0,5 10
what you re allergic to cocaine that sucks concerned friend,0,-6,63,-0.6,5 12
 my mom told me to pull an all nighter ,0,0,39,0,5 12
overheard 4 hours into stat 430 studying ohhhhhh it s math ,46,0,63,0,5 10
psa to all alexander lees shared with permission at hopes of this getting fixed,4,3,81,0.21428571428571427,5 12
from a stressed wharton mba i didn t come to fucking business school to work,30,-6,78,-0.4,5 7
